{
  "tanks": [
    {
      "tank_no": "1",
      "fish_name": "Nemo",
      "Ph": 9,
      "temp": 30,
      "turbidity": 50,
      "fishdata": [
        {
          "id": "1",
          "fish_name": "Nemo",
          "fish_image1": "require('./images/1.jpg')",
          "min_ph": "6.50",
          "max_ph": "7.40",
          "min_temp": "20.22",
          "max_temp": "20.24",
          "min_turbidity": "10.50",
          "max_turbidity": "15.20",
          "fish_image2": "require('./images/1.jpg')",
          "fish_image3": "require('./images/1.jpg')",
          "fish_image4": "require('./images/1.jpg')"
        }
      ],
      "id": "a599"
    },
    {
      "tank_no": "2",
      "fish_name": "Dory",
      "Ph": 8,
      "temp": 28,
      "turbidity": 45,
      "fishdata": [
        {
          "id": "2",
          "fish_name": "Dory",
          "fish_image1": "require('./images/2.jpg')",
          "min_ph": "6.80",
          "max_ph": "7.50",
          "min_temp": "19.50",
          "max_temp": "22.00",
          "min_turbidity": "12.00",
          "max_turbidity": "18.00",
          "fish_image2": "require('./images/2.jpg')",
          "fish_image3": "require('./images/2.jpg')",
          "fish_image4": "require('./images/2.jpg')"
        }
      ],
      "id": "a0bc"
    },
    {
      "tank_no": "3",
      "fish_name": "Marlin",
      "Ph": 7.5,
      "temp": 26,
      "turbidity": 40,
      "fishdata": [
        {
          "id": "3",
          "fish_name": "Marlin",
          "fish_image1": "require('./images/3.jpg')",
          "min_ph": "6.70",
          "max_ph": "7.30",
          "min_temp": "18.00",
          "max_temp": "23.00",
          "min_turbidity": "11.00",
          "max_turbidity": "16.50",
          "fish_image2": "require('./images/3.jpg')",
          "fish_image3": "require('./images/3.jpg')",
          "fish_image4": "require('./images/3.jpg')"
        }
      ],
      "id": "e58a"
    },
    {
      "tank_no": "4",
      "fish_name": "Bubbles",
      "Ph": 7,
      "temp": 25,
      "turbidity": 35,
      "fishdata": [
        {
          "id": "4",
          "fish_name": "Bubbles",
          "fish_image1": "require('./images/4.jpg')",
          "min_ph": "6.60",
          "max_ph": "7.20",
          "min_temp": "20.00",
          "max_temp": "24.00",
          "min_turbidity": "9.00",
          "max_turbidity": "14.00",
          "fish_image2": "require('./images/4.jpg')",
          "fish_image3": "require('./images/4.jpg')",
          "fish_image4": "require('./images/4.jpg')"
        }
      ],
      "id": "2e58"
    },
    {
      "tank_no": "5",
      "fish_name": "Gill",
      "Ph": 6.8,
      "temp": 24,
      "turbidity": 30,
      "fishdata": [
        {
          "id": "5",
          "fish_name": "Gill",
          "fish_image1": "require('./images/5.jpg')",
          "min_ph": "6.40",
          "max_ph": "7.00",
          "min_temp": "21.00",
          "max_temp": "23.50",
          "min_turbidity": "8.50",
          "max_turbidity": "13.50",
          "fish_image2": "require('./images/5.jpg')",
          "fish_image3": "require('./images/5.jpg')",
          "fish_image4": "require('./images/5.jpg')"
        }
      ],
      "id": "a1e4"
    },
    {
      "tank_no": "6",
      "fish_name": "Bloat",
      "Ph": 7.2,
      "temp": 29,
      "turbidity": 38,
      "fishdata": [
        {
          "id": "6",
          "fish_name": "Bloat",
          "fish_image1": "require('./images/6.jpg')",
          "min_ph": "6.90",
          "max_ph": "7.60",
          "min_temp": "20.50",
          "max_temp": "24.50",
          "min_turbidity": "10.00",
          "max_turbidity": "17.00",
          "fish_image2": "require('./images/6.jpg')",
          "fish_image3": "require('./images/6.jpg')",
          "fish_image4": "require('./images/6.jpg')"
        }
      ],
      "id": "9faf"
    },
    {
      "tank_no": "7",
      "fish_name": "Peach",
      "Ph": 6.9,
      "temp": 27,
      "turbidity": 42,
      "fishdata": [
        {
          "id": "7",
          "fish_name": "Peach",
          "fish_image1": "require('./images/7.jpg')",
          "min_ph": "6.50",
          "max_ph": "7.30",
          "min_temp": "19.00",
          "max_temp": "22.50",
          "min_turbidity": "9.50",
          "max_turbidity": "16.00",
          "fish_image2": "require('./images/7.jpg')",
          "fish_image3": "require('./images/7.jpg')",
          "fish_image4": "require('./images/7.jpg')"
        }
      ],
      "id": "4a1f"
    },
    {
      "tank_no": "8",
      "fish_name": "Jacques",
      "Ph": 7.1,
      "temp": 28,
      "turbidity": 39,
      "fishdata": [
        {
          "id": "8",
          "fish_name": "Jacques",
          "fish_image1": "require('./images/8.jpg')",
          "min_ph": "6.70",
          "max_ph": "7.40",
          "min_temp": "20.00",
          "max_temp": "24.00",
          "min_turbidity": "10.50",
          "max_turbidity": "15.50",
          "fish_image2": "require('./images/8.jpg')",
          "fish_image3": "require('./images/8.jpg')",
          "fish_image4": "require('./images/8.jpg')"
        }
      ],
      "id": "4c66"
    },
    {
      "tank_no": "9",
      "fish_name": "Deb",
      "Ph": 6.7,
      "temp": 26,
      "turbidity": 37,
      "fishdata": [
        {
          "id": "9",
          "fish_name": "Deb",
          "fish_image1": "require('./images/9.jpg')",
          "min_ph": "6.60",
          "max_ph": "7.30",
          "min_temp": "19.50",
          "max_temp": "23.50",
          "min_turbidity": "9.00",
          "max_turbidity": "14.50",
          "fish_image2": "require('./images/9.jpg')",
          "fish_image3": "require('./images/9.jpg')",
          "fish_image4": "require('./images/9.jpg')"
        }
      ],
      "id": "bf28"
    },
    {
      "id": "d420",
      "tank_no": "10"
    },
    {
      "id": "0c0d",
      "tank_no": "11"
    }
  ],
  "addfish": [
    {
      "id": "499b",
      "fish_name": "Nemo",
      "tank_no": "1"
    },
    {
      "id": "3388",
      "fish_name": "Nemo",
      "tank_no": "1"
    }
  ],
  "reset": [
    {
      "id": "dac6",
      "tank_no": "1"
    },
    {
      "id": "fdef",
      "tank_no": "1"
    },
    {
      "id": "7057",
      "tank_no": "1"
    },
    {
      "id": "fafa",
      "tank_no": "1"
    },
    {
      "id": "da5a",
      "tank_no": "1"
    },
    {
      "id": "af49",
      "tank_no": "1"
    },
    {
      "id": "d594",
      "tank_no": "1"
    },
    {
      "id": "e054",
      "tank_no": "1"
    }
  ],
  "update": [
    {
      "id": "a599",
      "Ph": 9,
      "turbidity": 50,
      "temp": 30
    },
    {
      "id": "a599",
      "Ph": 9,
      "turbidity": 50,
      "temp": 30
    },
    {
      "id": "a599",
      "Ph": "-",
      "turbidity": "-",
      "temp": "-"
    }
  ]
}